intent,context,question
agree,general,cậu biết ý tớ đó
agree,general,câu trả lời thật là bổ ích
agree,general,câu trả lời thật là bổ ích đó ạ
agree,general,chắc là vậy
agree,general,chắc thế
agree,general,chắc vậy
agree,general,chuẩn
agree,general,chuẩn không cần chỉnh
agree,general,chuẩn lắm
agree,general,chuẩn rồi ạ
agree,general,có lẽ
agree,general,có lẽ vậy á
agree,general,đồng ý
agree,general,đúng đó ạ
agree,general,đúng rồi
agree,general,đúng ý mình rồi
agree,general,được
agree,general,duyệt
agree,general,mình hiểu ra rồi
agree,general,mình hiểu ra rồi
agree,general,nó đó
agree,general,ờ
agree,general,ờ đúng ý tôi rồi
agree,general,ờ tôi hiểu
agree,general,ờ ý tôi là vậy đó
agree,general,ok
agree,general,ok chuẩn
agree,general,ok duyệt
agree,general,ok phải rồi đó
agree,general,ok quá chuẩn luôn
agree,general,phải rồi
agree,general,tớ biết rồi
agree,general,tớ biết rồi ạ
agree,general,tớ đồng ý ạ
agree,general,tôi đồng ý
agree,general,"tốt, đúng ý tôi"
agree,general,ừ
agree,general,ừ được rồi
agree,general,ừ nó đó
agree,general,ừ ok
agree,general,ừa
agree,general,ừa đúng rồi
agree,general,ừa hehe
agree,general,ừm đúng á
agree,general,ừm đúng rồi
agree,general,ừm hihi
apply,cpp,Cho mình hỏi con trỏ hàm được sử dụng như thế nào trong C++ ạ?
apply,cpp,Cho mình mảng con trỏ trong C++ dùng để làm gì?
apply,cpp,Cho tớ hỏi hàm inline dùng để làm gì trong C++
apply,cpp,Cho tớ hỏi khi nào nên sử dụng static data member trong C++ ạ?
apply,cpp,"Mình muốn biết trong C++, namespace được sử dụng khi nào?"
apply,cpp,Mình muốn hỏi template hàm có ứng dụng gì trong lập trình C++?
apply,cpp,Tớ có thắc mắc không biết STL dùng để làm  gì trong C++
apply,cpp,Tớ muốn biết khi nào thì cần dùng con trỏ hàm trong C++?
apply,cpp,Tớ muốn biết kiểu tham chiếu có ứng dụng gì trong C++
apply,cpp,Tôi có thắc mắc set có ứng dụng gì trong C++?
apply,cpp,Tôi muốn biết map trong C++ có ứng dụng gì?
apply,cpp,"Trong C++, hàm sprintf được sử dụng trong trường hợp nào?"
apply,cpp,"Trong C++, kiểu tham chiếu được dùng khi nào?"
apply,cpp,Ứng dụng con trỏ hàm trong C++ là gì?
apply,general,Biến được sử dụng thế nào?
apply,general,C++ dùng để làm gì?
apply,general,Cách sử dụng biến
apply,general,Cách sử dụng hàm?
apply,general,Cách xài con trỏ
apply,general,Cách xài hàm
apply,general,Cho hỏi cách sử dụng con trỏ
apply,general,"Cho mình hỏi, khi nào chúng ta cần dùng deep copy?"
apply,general,Hàm được dùng như thế nào?
apply,general,Khi nào cần dùng hàm?
apply,general,Khi nào nên sử dụng namespace?
apply,general,Khi nào chúng ta sử dụng hàm hủy ảo (virtual destructor)?
apply,general,Mình có thắc mắc hàm tạo copy được sử dụng trong trường hợp nào?
apply,general,python có ứng dụng gì?
apply,general,Python dùng để làm gì?
apply,general,Trong trường hợp nào nên sử dụng tham chiếu?
apply,general,ứng dụng C++
apply,general,Ứng dụng của hàm là gì?
apply,general,ứng dụng python là gì?
apply,py,Cách khai báo hàm trong python?
apply,py,cách xài hàm trong python
apply,py,"Cho mình hỏi, khi nào nên dùng list trong python?"
apply,py,hãy cho biết cách sử dụng hàm trong python
apply,py,Hãy cho tớ biết ứng dụng của dict trong python là gì?
apply,py,"Hãy cho tôi biết trong python, ký tự tab có chức năng gì?"
apply,py,Hãy cho tôi biết ứng dụng của bytesarray trong python là  gì?
apply,py,Khi nào cần dùng hàm input trong python?
apply,py,Khi nào ta nên dùng kiểu int trong python?
apply,py,Khi nào thì mình nên viết hàm trong python?
apply,py,Kiểu int trong python dùng để làm gì?
apply,py,Kiểu từ điển trong python dùng để làm gì?
apply,py,Làm sao sử dụng hàm trong python?
apply,py,"Mình có thắc mắc trong python, khi nào cần sử dụng string?"
apply,py,"Mình muốn biết trong python, từ khóa while dùng để làm gì?"
apply,py,"Tớ có thắc mắc trong python, kiểu float dùng để làm gì?"
apply,py,Tớ muốn biết ứng dụng của import trong python là gì?
apply,py,"Tôi đang thắc mắc trong python, hàm input dùng để làm gì?"
apply,py,Tôi muốn biết with trong python dùng để làm gì?
apply,py,"Trong python, từ khóa in có chức năng gì?"
apply,py,Tuple trong python có ứng dụng gì?
apply,py,Ứng dụng của set trong python là gì?
apply,py,Ứng dụng của từ khóa in trong python là gì?
compare,cpp,Cho biết sự khác nhau giữa kích thước của biến con trỏ int* và biến con trỏ char*  trong C++?
compare,cpp,Cho biết sự khác nhau giữa malloc và calloc trong C++
compare,cpp,"Cho biết sự khác nhau giữa việc #include và #include ""xxx.h"" trong C++"
compare,cpp,Hãy phân biệt con trỏ và tham chiếu trong C++?
compare,cpp,Hãy so sánh static binding và run-time binding trong C++
compare,cpp,Hãy so sánh macro và function trong C++
compare,cpp,"Trong C++, memcpy và strcpy khác nhau như thế nào?"
compare,cpp,"Trong C++, struct và union khác nhau thế nào?"
compare,cpp,"Trong C++, sự khác nhau giữa #define và const là gì?"
compare,cpp,"Trong C++, sự khác nhau giữa bộ nhớ stack và heap là gì?"
compare,cpp,"Trong C++, sự khác nhau giữa cấp phát tĩnh và cấp phát động?"
compare,cpp,"Trong C++, sự khác nhau giữa const char* s và char* const s là gì?"
compare,cpp,"Trong C++, sự khác nhau giữa const và volatile?"
compare,cpp,"Trong C++, sự khác nhau giữa hàm strdup và strcpy là gì?"
compare,cpp,"Trong C++, sự khác nhau giữa truyền giá trị và truyền tham biến là gì?"
compare,cpp,"Trong C++, enum có gì khác #define?"
compare,cpp,"Trong ngôn ngữ lập trình C++, sự khác nhau giữa memcpy và memmove là gì?"
compare,cpp,"Với C++, sự khác nhau giữa mảng và chuỗi là gì?"
compare,general,C++ và python khác nhau như nào?
compare,general,cho biết sự khác biệt của python và C++
compare,general,Cho biết sự khác nhau giữa linker và linkage
compare,general,Cho biết sự khác nhau giữa malloc và new?
compare,general,Cho biết sự khác nhau giữa overloading và overriding?
compare,general,Hàm và biểu thức lambda khác nhau thế nào?
compare,general,Hãy cho biết sự khác nhau giữa con trỏ và tham chiếu
compare,general,Hãy phân biệt Syntax error và Runtime error
compare,general,Hãy so sánh C++ và python
compare,general,Hãy so sánh đa hình tĩnh và đa hình động
compare,general,mảng và danh sách liên kết khác nhau như thế nào?
compare,general,Python và C++ khác nhau ở đâu?
compare,general,Switch case và if else khác nhau thế nào?
compare,general,"Trong lập trình hướng đối tượng, sự khác nhau giữa đa kế thừa và kế thừa đa tầng là gì?"
compare,py,Biến cục bộ và biến toàn cục trong python khác nhau như thế nào?
compare,py,Class và Instance khác nhau như nào trong Python?
compare,py,"Còn trong Python, làm sao phân biệt string với list?"
compare,py,Hãy phân biệt Iterator và Generator
compare,py,Hãy so sánh byte và string trong Python
compare,py,So sánh for và while trong python
compare,py,"Trong python, dict khác set như thế nào?"
compare,py,"Trong Python, hàm và biểu thức lambda khác nhau thế nào?"
compare,py,"Trong Python, hàm và toán tử khác như nào?"
compare,py,"Trong python, list và tuple khác nhau như thế nào?"
compare,py,Vậy trong python thì private method khác public method thế nào?
compare,py,Với python thì immutable và mutable khác nhau thế nào?
credit_info,general,ai là người làm ra bạn?
credit_info,general,ai là người làm ra codebot?
credit_info,general,bạn có thể giới thiệu bản thân được chứ?
credit_info,general,bạn có thể làm được những gì?
credit_info,general,bạn là ai?
credit_info,general,cho mình hiểu thêm chút về bạn đi
credit_info,general,cho tớ biết thêm về cậu đi codebot
credit_info,general,chức năng của codebot.
credit_info,general,codebot có thể làm được những gì?
credit_info,general,codebot có thể làm gì?
credit_info,general,codebot là ai?
credit_info,general,codebot là gì thế?
credit_info,general,codebot là gì vậy?
credit_info,general,codebot là gì?
credit_info,general,"codebot, codebot là gì?"
credit_info,general,giới thiệu về bản thân chút đi
credit_info,general,hãy giới thiệu thêm về bản thân đi codebot
credit_info,general,hãy giới thiệu thêm về bạn.
credit_info,general,nhóm tác giả
credit_info,general,tác giả codebot là ai?
credit_info,general,tác giả là ai?
credit_info,general,thông tin tác giả
credit_info,general,thông tin về codebot.
credit_info,general,vì sao codebot lại ra đời?
define,cpp,binding trong C++ là gì?
define,cpp,"Codebot giải thích giúp mình, con trỏ hàm là gì trong C++ thế?"
define,cpp,dangling pointer C++ là gì?
define,cpp,"Đối với C++, compiler và linker là gì?"
define,cpp,Hàm hủy trong C++ là gì?
define,cpp,Hàm inline trong C++ là gì?
define,cpp,Hàm tạo trong C++ là gì?
define,cpp,Hãy định nghĩa con trỏ trong C++
define,cpp,Hãy định nghĩa hàm trong C++
define,cpp,Khái niệm name mangling trong C++ là gì?
define,cpp,Mình có thắc mắc con trỏ gần là gì trong C++?
define,cpp,"Mình có thắc mắc trong C++, biến static, extern là gì?"
define,cpp,Mình muốn biết smart pointer trong C++ là gì?
define,cpp,Mình muốn biết từ khóa #prama trong C++ là gì?
define,cpp,Namespace trong C++ là gì?
define,cpp,Thế nào là dynamic_cast trong C++ vậy?
define,cpp,"Thế trong C++, mutable data members là gì?"
define,cpp,Tôi muốn biết C++ có những kiểu dữ liệu cơ sở nào?
define,cpp,Tôi muốn biết encapsulation trong C++ là gì?
define,cpp,"Trong C++, con trỏ void là gì?"
define,cpp,"Trong C++, vòng lặp vô hạn là gì?"
define,cpp,Từ khóa auto có ý nghĩa gì trong ngôn ngữ C++?
define,cpp,"Vậy trong C++, Conversion constructor là gì?"
define,cpp,Với C++ thì hàm hủy ảo (virtual destructor) là gì?
define,cpp,Ý nghĩa của hàm thuần ảo (pure virtual function) trong C++?
define,general,Alignment struct là gì?
define,general,Biểu thức lambda là gì?
define,general,C++ là gì
define,general,cái cây là gì?
define,general,cho biết định nghĩa C++
define,general,Cho biết định nghĩa Python
define,general,Cho mình hỏi C++ là gì?
define,general,Cho tôi hỏi C++ là gì?
define,general,Cho tôi hỏi PEP8 là gì?
define,general,Cho tôi hỏi Python là gì?
define,general,"Codebot ơi, khái niệm null reference là gì?"
define,general,con chó là gì?
define,general,con mèo là gì?
define,general,Const function là gì?
define,general,Định nghĩa C++
define,general,Hàm tạo copy là gì?
define,general,Hãy cho biết C++ là gì?
define,general,Hãy định nghĩa Python
define,general,Macro là gì vậy codebot?
define,general,Mảng con trỏ là gì thế codebot?
define,general,Memory leak là gì?
define,general,Python là gì
define,general,Python là gì vậy ạ?
define,general,Tôi có thắc mắc C++ là gì?
define,general,Tôi có thắc mắc template class là gì?
define,general,Tôi có thắc mắc thế nào là quá tải toán tử?
define,general,"Ý nghĩa của ""vptr"" trong hàm ảo là gì?"
define,py,Mình muốn biết docstring trong python là gì?
define,py,Mình muốn hỏi package trong python là gì?
define,py,Thế namespace trong python là gì?
define,py,"Trong python, generator là gì?"
define,py,"Trong python, index âm nghĩa là gì?"
define,py,"Trong python, iterator là gì?"
define,py,"Trong python, làm sao để chuyển kiểu dữ liệu?"
define,py,Từ khóa pass trong Python có ý nghĩa gì?
define,py,Vậy Module trong python là gì?
disagree,general,bạn hiểu nhầm rồi
disagree,general,codebot hiểu sai ý tôi rồi
disagree,general,codebot nhầm rồi
disagree,general,không đâu
disagree,general,không đồng ý
disagree,general,không đúng
disagree,general,không phải
disagree,general,không phải
disagree,general,không phải vậy
disagree,general,không phải vậy đâu
disagree,general,"không, đó chắc chắn không phải ý tôi"
disagree,general,"không, đó không phải ý tôi"
disagree,general,"không, sai rồi"
disagree,general,"không, tớ không đồng ý"
disagree,general,"Không, tôi không có nói vậy"
disagree,general,"không, tôi không đồng ý"
disagree,general,"Không, tôi không hiểu"
disagree,general,mình chẳng hiểu
disagree,general,mình không có ý đó
disagree,general,mình không thể hiểu câu trả lời
disagree,general,nhầm rồi
disagree,general,nhầm to rồi
disagree,general,sai hoàn toàn nhé
disagree,general,sai rồi
disagree,general,tớ không biết
disagree,general,tớ không rõ
disagree,general,tôi không biết
disagree,general,tôi không biết nữa
disagree,general,tôi không rõ bạn đang nói gì cả
disagree,general,trả lời không đúng ý tôi
disagree,general,ý tôi không phải thế
disagree,general,ý tôi không phải vậy mà
greeting,general,chào
greeting,general,chào bạn
greeting,general,chào buổi sáng
greeting,general,chào buổi tối
greeting,general,chào buổi trưa
greeting,general,chào codebot
greeting,general,chào codebot dễ thương
greeting,general,chào người anh em codebot
greeting,general,codebot
greeting,general,codebot ơi codebot à
greeting,general,codebot ơi!
greeting,general,hello
greeting,general,hello codebot
greeting,general,hi
greeting,general,hi codebot
greeting,general,xin chào
greeting,general,xin chào codebot
help,cpp,C++
help,cpp,C++ đang làm khó mình!
help,cpp,C++ khó quá cậu ạ
help,cpp,C++ nhiều cái mới lạ quá
help,cpp,"Chào codebot, mình đang đau đầu vì C++ đây"
help,cpp,cho mình hỏi đôi chút về C++
help,cpp,Codebot ơi C++ đang làm khó mình!
help,cpp,Codebot ơi C++ khó quá cậu ạ
help,cpp,"codebot ơi, mình có câu hỏi về C++"
help,cpp,"Codebot, C++ nhiều cái mới lạ quá"
help,cpp,đang đau đầu vì C++ đây
help,cpp,"hello, mình có thắc mắc về C++"
help,cpp,mình có câu hỏi về C++
help,cpp,mình có thắc mắc về C++
help,cpp,Tớ cần giúp đỡ về C++
help,cpp,"Xin chào codebot, cho mình hỏi đôi chút về C++"
help,cpp,"xin chào, Tớ cần giúp đỡ về C++"
help,general,bạn có thể giúp tôi chứ?
help,general,"chào codebot, giúp tôi với"
help,general,codebot hãy giúp tôi
help,general,"codebot, hãy giúp tôi với"
help,general,giúp tôi với
help,general,"Hi codebot, tớ có thắc mắc"
help,general,"Hi, tớ cần sự trợ giúp"
help,general,mình có thắc mắc không biết hỏi ai
help,general,tớ cần sự trợ giúp
help,general,tớ có thắc mắc
help,general,tôi cần giúp đỡ
help,general,tôi có câu hỏi
help,general,"tôi có thắc mắc cần được giải đáp, giúp tôi với"
help,general,trợ giúp
help,general,trợ giúp
help,general,"xin chào codebot, bạn có thể giúp tôi chứ?"
help,general,"Xin chào, tôi cần giúp đỡ"
help,py,"chào codebot, mình đang đau đầu vì Python quá"
help,py,cho mình hỏi đôi chút về python
help,py,"Codebot ơi, Python khó quá cậu ạ"
help,py,"Codebot, Python khó quá nè!"
help,py,đang đau đầu vì Python đây
help,py,Giúp tớ giải đáp mấy thứ trong python đi
help,py,"hello, mình có câu hỏi về python cần giải đáp"
help,py,"Hi, tôi cần giúp đỡ về Python"
help,py,mình có câu hỏi về python
help,py,mình có thắc mắc về python
help,py,Python
help,py,Python đang làm khó mình!
help,py,Python khó quá cậu ạ
help,py,Python nhiều cái mới lạ quá
help,py,Tớ cần giúp đỡ về Python
help,py,"xin chào, cho mình hỏi đôi chút về python"
help,py,"Xin chào, mình có thắc mắc về python"
other,general,10
other,general,35
other,general,321
other,general,?
other,general,a
other,general,anh yêu em
other,general,buồn ngủ quá ạ
other,general,Có những bài hát đi vào lòng người
other,general,covid
other,general,covid19
other,general,cuộc sống cần rất nhiều yêu thương
other,general,đã là một nhà nghiên cứu khoa học thì phải nói không với đạo văn và triệt để lên án hành vi này
other,general,đạo văn là không tốt
other,general,đến khi nào thì mày mới chịu chuyên tâm học hành?
other,general,diễn biến covid19
other,general,hẹn hò cuối tuần đi
other,general,Hôm nay nóng quá. Đi uống nước không?
other,general,hôm nay trời có đẹp không?
other,general,hôm nay trời đẹp nhỉ
other,general,Java
other,general,Javascript
other,general,khi nào thì em mới chịu yêu anh?
other,general,khi nào thì mình có thể nhịn ăn sáng?
other,general,khi nào thì nên ăn bánh uống trà?
other,general,mặt trời mọc ở đằng Tây là đúng hay sai?
other,general,mấy đời bánh đúc có xương
other,general,mày nên thấy xấu hổ vì hành vi đáng khinh của mình
other,general,nhiệt độ ngoài trời
other,general,phải làm gì trong tiết trời âm u này
other,general,R
other,general,sad
other,general,thất tình thì làm gì?
other,general,thời tiết hôm nay thế nào?
other,general,thời tiết thật tuyệt vời
other,general,thông tin covid19
other,general,thông tin thời tiết
other,general,tình hình covid19 hiện nay thế nào?
other,general,tình là gì mà là người ta đau khổ?
other,general,tôi buồn chán quá
other,general,trời hôm nay có mưa không?
other,general,trong trường hợp nào thì mình nên nghỉ học?
other,general,vì sao hổ dữ không ăn thịt con?
other,general,việc học là việc quan trọng
other,general,vớ va vớ vẩn
references,cpp,chia sẻ cho mình sách học lập trình C++ đi ạ
references,cpp,cho tớ vài tựa sách lập trình C++
references,cpp,cho xin ebook lập trình C++
references,cpp,có sách lập trình C++ không ạ?
references,cpp,có tài liệu C++ không?
references,cpp,ebook C++
references,cpp,mình cần vài cuốn sách dạy C++ gối đầu giường
references,cpp,sách dạy C++ có không?
references,cpp,tài liệu lập trình C++
references,cpp,tớ cần một vài cuốn dạy lập trình C++
references,general,các nhãn sách học lập trình
references,general,cho mình xin tài liệu học lập trình
references,general,cho xin vài đầu sách lập trình
references,general,có tài liệu học lập trình không cu?
references,general,ebook học lập trình
references,general,mình cần tài liệu học lập trình
references,general,một số cuốn sách học lập trình
references,general,một số tài liệu học lập trình tốt nhất
references,general,sách học lập trình
references,general,sách học lập trình cơ bản
references,general,tài liệu học lập trình
references,general,tài liệu lập trình
references,general,tôi có thể tìm tài liệu học lập trình ở đâu?
references,general,cho xin tài liệu
references,general,xin tài liệu
references,general,xin tài liệu lập trình đi
references,py,chia sẻ cho mình sách học lập trình python đi ạ
references,py,cho tớ vài tựa sách lập trình python
references,py,cho xin ebook lập trình python
references,py,có sách lập trình python không ạ?
references,py,có tài liệu python không?
references,py,ebook python
references,py,mình cần vài cuốn sách dạy python gối đầu giường
references,py,sách dạy python có không?
references,py,tài liệu lập trình python
references,py,tài liệu python
references,py,tớ cần một vài cuốn dạy lập trình python
tip,cpp,chia sẻ chút mẹo vặt về C++ đi ạ
tip,cpp,có mẹo gì hay về C++ không?
tip,cpp,tip C++
tip,cpp,tip hay C++
tip,cpp,xin mẹo lập trình C++
tip,cpp,xin tip lập trình C++
tip,general,mẹo hay lập trình
tip,general,mẹo lập trình
tip,general,programming tip
tip,general,tip hay trong lập trình
tip,general,tip lập trình
tip,general,xin tip lập trình
tip,py,chia sẻ mẹo python đi
tip,py,cho xin tip hay về python
tip,py,có mẹo gì hay về python không?
tip,py,có mẹo gì thú vị khi sử dụng python không?
tip,py,mẹo hay lập trình python
tip,py,tip python
